alias,canonical_key
algae,algae
"algen und prokaryonten, getrocknet",algae
algenô undô prokaryonten,algae
"algenô undô prokaryonten,ô gerûÑstet",algae
"algenô undô prokaryonten,ô getrocknet",algae
almond,almonds
almond flour,almond
almond milk,almond
almonds,almond
ananas,pineapple
"ananas, getrocknet",pineapple
"ananas,ô getrocknet",pineapple
"ananas,ô konserve",pineapple
"ananas,ô saft",pineapple
ananasnektar,pineapple
anis/anissamen,anise
anise,anise
apple,apple
apple juice,apple
apple puree,apple
apples,apple
aprikose,apricot
aprikosen,apricot
"aprikosen, getrocknet",apricot
"aprikosen,ô getrocknet",dried_apricot
"aprikosen,ô nektar",apricot
"aprikosen,ÿ¢§getrocknet",apricot
aprikosennektar,apricot
arganûÑl,argan oil
arganÿ¢§l,argan oil
aronianektar,chokeberry
aroniasaft,chokeberry
artischocken,artichoke
bacon,"hog, meat"
banana,banana
bananas,banana
barley,barley
barley flour,barley
barley malt,barley
bean,beans
beans,beans
beef,cattle
bier,barley
birnen,pear
black beans,beans
blaubeeren,blueberry
bleached flour,wheat
bleichsellerieô vor-ô undô zubereitet,celery
blueberries,blueberry
blueberry,blueberries
broccoli,broccoli
brown rice,rice
brunnenkresse,watercress
"brunnenkresse, wasserspinat",watercress
"brunnenkresse,ô wasserspinat",watercress
butter,dairy
bûÊrlauch/wilderô knoblauch/waldknoblauch,garlic
bÿ¢§rlauch/wilderÿ¢§knoblauch/waldknoblauch,garlic
canned_beets,beet
canola,canola
carrot,carrot
carrots,carrot
cashewnuesse,cashews
cashewnuss,cashew
cassava,cassava
cattle,cattle
"cattle, fat",cattle
"cattle, liver",cattle
"cattle, meat",cattle
celery,celery
cheese,dairy
cherries,cherry
cherry,cherry
chestnuts,chestnuts
chicken,chicken
chickpea,chickpeas
chickpeas,chickpeas
chicoree,chicory
chicorûˋe,chicory
chicorÿ¢§e,chicory
chilis,chili pepper
chocolate,cocoa
cocoa,cocoa
cocoa powder,cocoa
cod,fish
coffee,coffee
corn,corn
corn flour,corn
corn meal,corn
corn starch,corn
corn syrup,corn
cream,dairy
cucumber,cucumber
cucumbers,cucumber
dates,dates
datteln,dates
"datteln, getrocknet",dates
"datteln,ô getrocknet",dates
"datteln,ÿ¢§getrocknet",dates
egg,egg
egg white,egg
egg yolk,egg
eggs,egg
einhufer:ô muskel,horse
elderberry_juice,elderberry_juice
enriched flour,wheat
ente:ô muskel,duck
erdartischocke (topinambur),jerusalem_artichoke
erdartischocken/topinambur,jerusalem_artichoke
erdbeeren,strawberry
erdmandeln/tigernû¥sse,tiger_nuts
erdmandeln/tigernÿ¢§sse,tiger_nuts
erdnuesse,peanuts
erdnuss,peanut
essig,vinegar
estragon,tarragon
feigen,fig
"feigen, konserve",fig
"feigen,ô getrocknet",fig
fenchel,fennel
fenchelsamen,fennel
fish,fish
flaxseed,flaxseed
folgenahrungen fû¥r sûÊuglinge,baby_food
folgenahrungen fÿ¢§r sÿ¢§uglinge,baby_food
folgenahrungenô fû¥rô sûÊuglinge,baby_food
folgenahrungenÿ¢§fÿ¢§rÿ¢§sÿ¢§uglinge,baby_food
garlic,garlic
garten-schwarzwurzeln/scorzonera,salsify
"geflû¥gel, strauûe, tauben fleisch",poultry
"geflû¥gel, strauûe, tauben leber",poultry
"geflû¥gel, strauûe, tauben muskel",poultry
geflû¥gel:ô ei,poultry
geflû¥gel:ô leber,poultry
geflû¥gel:ô muskel,poultry
geflû¥gel:ô ô genieûbareô schlachtnebenerzeugnisseô (auûerô leberô undô nieren),chicken
"geflÿ¢§gel, strauÿ¢§e, tauben fleisch",chicken
"geflÿ¢§gel, strauÿ¢§e, tauben leber",chicken
"geflÿ¢§gel, strauÿ¢§e, tauben muskel",chicken
geflÿ¢§gel:ÿ¢§ei,egg
geflÿ¢§gel:ÿ¢§muskel,chicken
gerste,barley
ghee,dairy
granatapfel,pomegranate
granola,oats
grape,grape
grape juice,grape
grapes,grape
gruenkohl,kale
gruenkohle,kale
grû¥nkohle,kale
"grû¥nkohle,ô konserve",kale
grû¥nkohlô vor-ô undô zubereitet,kale
grÿ¢§nkohle,kale
guave,guava
guaven,guava
guavennektar,guava
hafer,oats
haferflocken,oats
hagebuttenpulver,rosehip
ham,"hog, meat"
hanfsaat,hemp_seeds
haselnuesse,hazelnuts
haselnuss,hazelnut
heidelbeeren,blueberry
heidelbeernektar,blueberry
hemp_seeds,hemp_seeds
himbeeren,raspberry
holunderbeernektar,elderberry
honey,honey
honig,honey
hop,hops
hopfen,hops
hopfen (getrocknet),hops
hopfenô (getrocknet),hops
hopfenÿ¢§(getrocknet),hops
hops,hops
horseradish,horseradish
huehnchen,chicken
huhn:ô leber,chicken
huhn:ô muskel,chicken
iceberg lettuce,lettuce
ingwer,ginger
instant oats,oats
italienischeô strohblume/currykraut,curry_plant
joghurt,dairy
"johannisbeernektar (schwarz, rot und weiss)",currants
"johannisbeernektarô (schwarz,ô rotô undô weiû)",currants
"johannisbeernektarÿ¢§(schwarz,ÿ¢§rotÿ¢§undÿ¢§weiÿ¢§)",currants
"johannisbeersaft (schwarz, rot und weiû)",currant_juice
"johannisbeersaftô (schwarz,ô rotô undô weiû)",currant_juice
kaese,dairy
kaffee,coffee
kakao,cocoa
kale,kale
kaschunû¥sse,cashew
"kassawas/kassaven/manioks,ô stûÊrke",cassava
kefir,dairy
ketchup,tomato
kidney beans,beans
kirschen,cherry
knoblauch,garlic
"knoblauch, getrocknet",garlic
"knoblauch,ô getrocknet",garlic
"knollensellerie, getrocknet",celery
kohlrabi,kohlrabi
kohlrû¥ben,kohlrabi
kohlrÿ¢§ben,kohlrabi
kokosnû¥sse,coconut
"komplettmahlzeiten, beikost u. sonst. f. sûÊuglinge/kleinkinder",baby_food
"komplettmahlzeiten, beikost u. sonst. f. sÿ¢§uglinge/kleinkinder",baby_food
"komplettmahlzeiten, beikost u. sonstige f. saeuglinge/kleinkinder",baby_food
"komplettmahlzeiten,ô beikostô u.ô sonst.ô f.ô sûÊuglinge/kleinkinder",baby_food
"komplettmahlzeiten,ÿ¢§beikostÿ¢§u.ÿ¢§sonst.ÿ¢§f.ÿ¢§sÿ¢§uglinge/kleinkinder",baby_food
"kopfkohle,ô konserve",cabbage
koriander,cilantro
korianderblaetter,cilantro
kressen und andere sprossen und keime,watercress
kressenô undô andereô sprossenô undô keime,watercress
kressenÿ¢§undÿ¢§andereÿ¢§sprossenÿ¢§undÿ¢§keime,watercress
kreuzkuemmelsamen,cumin
kreuzkû¥mmel,cumin
kurkuma,turmeric
kû¥mmel,caraway
kû¥rbiskerne,pumpkin
kû¥rbiskernûÑl,pumpkin
kÿ¢§mmel,caraway
kÿ¢§rbiskernÿ¢§l,pumpkin
lactose,dairy
leinsamen,flaxseed
lemon,lemon
lemon juice,lemon
lemons,lemon
lentil,lentils
lentils,lentils
lettuce,lettuce
liebstûÑckel,lovage
limette,lime
litschinektar,lychee
lupinenmehl,lupin
lûÑwenzahn,dandelion
macadamianû¥sse,macadamia
mais,corn
mandarin,orange
mandel,almond
mandeln,almonds
maniokmehl,cassava
marjoram,marjoram
maronen (esskastanien),chestnuts
maronen/esskastanien,chestnuts
meerrettich/kren,radish
milch,dairy
milch und milchprodukte pferde,dairy
milch und milchprodukte schafe/ziegen,dairy
milch und milchprodukte sonstige,dairy
milk,dairy
milk powder,dairy
mirabelle_plum,mirabelle_plum
"mirabellen,ô konserve",mirabelle_plum
mohrrû¥beô vor-ô undô zubereitet,beet
muesli,oats
muskatblû¥te/macis,mace
nelkenpfeffer,allspice
nelkenpfeffer (piment),allspice
nelkenpfeffer/piment,allspice
nutmeg,nutmeg
oat,oats
oat bran,oats
oat cereal,oats
oat flour,oats
oat milk,oats
oatmeal,oats
oats,oats
olive,table olives
olive oil,table olives
"olivenô fû¥rô dieô gewinnungô vonô ûl,ô ûl",olive
olives,table olives
orange,orange
orange juice,orange
oranges,orange
pak-choi/chinesischerô senfkohl,cabbage
palmûÑl,palm_oil
paranuesse,brazil nuts
paranû¥sse,brazil_nuts
paranÿ¢§sse,brazil nuts
pastinaken,parsnip
pea,peas
peach,peach
peaches,peach
peanut,peanuts
peanut butter,peanut
peanuts,peanut
pear,pear
pears,pear
peas,peas
pekannû¥sse,pecan
peperonis,chili pepper
petersilie,parsley
"pfeffer, schwarz und weiss",pepper
"pfeffer, schwarz und weiû",pepper
"pfeffer, schwarz und weiÿ¢§",pepper
pfefferminze,mint
"pfefferô (schwarz,ô grû¥nô undô weiû)",pepper
"pfefferÿ¢§(schwarz,ÿ¢§grÿ¢§nÿ¢§undÿ¢§weiÿ¢§)",pepper
"pferde, esel, maultiere oder maulesel muskel",horse
pfirsiche,peach
physalis,physalis
pine_nuts,pine_nuts
pineapple,pineapple
pistazie,pistachio
pistazien,pistachios
"pistazien,ô gerûÑstet",pistachio
pork,"hog, meat"
porree,leek
"porree,ô getrocknet",leek
portulak,purslane
portulak (sauerampfer),purslane
potato,potato
potato starch,potato
potatoes,potato
poultry,chicken
purslane,purslane
quail_egg,quail_egg
quick oats,oats
quitten,quince
quittennektar,quince
quittensaft,quince
radieschen,radish
raisins,grape
rapeseed,canola
reis,rice
rettich,radish
rettichblûÊtter,radish
rettiche,radish
rice,rice
rice flour,rice
rice starch,rice
rind genieûbare schlachtnebenerzeugnisse,cattle
rind:ô fett,cattle
rind:ô leber,cattle
rind:ô muskel,cattle
rinder: sahne,dairy
rinder:ô joghurt,dairy
rinder:ô kûÊse,dairy
rinder:ô leber,cattle
rinder:ô milch,dairy
rinder:ô muskel,cattle
rinder:ô sahne,dairy
rinder:ô sonstigeô milchprodukte,dairy
rinder:ÿ¢§sahne,dairy
rindfleisch,cattle
roggen,rye
rolled oats,oats
romaine lettuce,lettuce
romanesco,romanesco
rote ruben,beet
rote rÿ¢§ben,beet
roteô betesaft,beet
roteô beteô vor-ô undô zubereitet,beet
roteô rû¥ben,beet
rotkohlô vor-ô undô zubereitet,red_cabbage
rye,rye
rye flour,rye
saeuglingsanfangsnahrungen,baby_food
sage,sage
salmon,fish
sanddornnektar,sea_buckthorn
sanddornsaft,sea_buckthorn
sauerampfer,sorrel
sauerkirschnektar,cherry
savoy_cabbage,savoy_cabbage
schaf fleisch,cattle
schaf genieûbare schlachtnebenerzeugnisse,cattle
schaf leber,cattle
schaf:ô leber,cattle
schaf:ô muskel,cattle
schaf:ô nieren,cattle
schafe/ziegen:ô kûÊse,dairy
schafe:ô kûÊse,dairy
schafe:ô leber,cattle
schafe:ô milch,dairy
schafe:ô muskel,cattle
schalotten,shallot
schnecken,snails
schnittlauch,chives
schokolade,cocoa
schwarzkû¥mmel,nigella
schwarzwurzeln,salsify
schweinefleisch,"hog, meat"
sellerieblûÊtter,celery
semolina,wheat
senf,mustard seeds
sesamsamen,sesame seeds
sesamûÑl,sesame
shrimp,fish
skim milk,dairy
sonnenblumenkerne,sunflower seeds
sonstige erzeugnisse von landtieren,other_meat
sonstige nutztiere fett,other_meat
sonstige nutztiere fleisch,other_meat
sonstige nutztiere leber,other_meat
sonstige nutztiere: muskel,other_meat
sonstigeô erzeugnisseô vonô landtieren,other_meat
"sonstigeô geflû¥gel,ô strauûe,ô tauben:ô muskel",poultry
sonstigeô nutztiere:ô muskel,other_meat
sonstigeÿ¢§erzeugnisseÿ¢§vonÿ¢§landtieren,other_meat
sonstigeÿ¢§nutztiere:ÿ¢§muskel,other_meat
soy,soybeans
soy lecithin,soybeans
soy protein,soybeans
soybean,soybeans
soybeans,soybeans
spinach,spinach
"spinat, getrocknet",spinach
spinatô konserve,spinach
stachelbeersaft,gooseberry
stachelfeige (kaktusfeige),prickly_pear
stachelfeigen/kaktusfeigen,prickly_pear
stangensellerie,celery
steel-cut oats,oats
sternanis,star_anise
strawberries,strawberry
strawberry,strawberry
strawberry puree,strawberry
sunflower,sunflower
sunflower seeds,sunflower
sweeties/oroblancos,grapefruit
sûÊuglingsanfangs- und folgenahrungen,baby_food
sûÊuglingsanfangsnahrungen,baby_food
sÿ¢§uglingsanfangsnahrungen,baby_food
table olives,olive
tafeloliven,olive
"tafeloliven, vor- und zubereitet",olive
"tafeloliven,ô vor-ô undô zubereitet",olive
tangerine,orange
tapioka,cassava
tarragon,tarragon
tea,tea
tilapia,fish
tofu,soybeans
tomato,tomato
tomato paste,tomato
tomato puree,tomato
tomato sauce,tomato
tomatoes,tomato
tuna,fish
turkey,chicken
walnuesse,walnuts
walnuss,walnut
watercress,watercress
wein,grape
weizen,wheat
weiûe rû¥ben,beet
weiûeô rû¥ben,beet
weiûkohl,cabbage
weiûkohlô vor-ô undô zubereitet,cabbage
wheat,wheat
wheat flour,wheat
wheat starch,wheat
whey,dairy
whey protein,dairy
white rice,rice
whole grain oats,oats
whole milk,dairy
whole wheat,wheat
whole wheat flour,wheat
wine,grape
wirbelloseô landtiere,invertebrates
wirsing,savoy cabbage
xanthan,xanthan
yoghurt,dairy
yogurt,dairy
ziege muskel,goat
ziege:ô muskel,goat
ziegen:ô kûÊse,dairy
ziegen:ô milch,dairy
zimt,cinnamon
zitrone,lemon
"algen und prokaryonten, gerûÑstet",algae
arganoel,argan oil
bockshornkleesamen,fenugreek
chinakohl,chinese cabbage
holunderbeersaft,elderberry_juice
kakaopulver,cocoa
majoran,marjoram
muskatnuss,nutmeg
pinienkerne,pine_nuts
wachteleier,quail_egg
"ananas, konserve",pineapple
"pfeffer(schwarz, gruen und weiss)",pepper
"pistazien, gerûÑstet",pistachio
sauglingsanfangsnahrungen,baby_food
sauglingsanfangs- und folgenahrungen,baby_food
folgenahrungen fuer saeuglinge,baby_food
rind fett,cattle
rind geniebare schlachtnebenerzeugnisse,cattle
rind nieren,cattle
rind: leber,cattle
rind: muskel,cattle
rinder: kaese,dairy
rinder: joghurt,dairy
rinder: milch,dairy
rinder: leber,cattle
rinder: muskel,cattle
schaf: leber,cattle
schaf: muskel,cattle
schafe: kaese,dairy
ziegen: kaese,dairy
gefluegel: ei,egg
gefluegel: leber,chicken
gefluegel: muskel,poultry
huhn: leber,chicken
huhn: muskel,chicken
ente: muskel,duck
weisskohl,cabbage
weisse rueben,beet
oliven fuer die gewinnung von oel,olive
kales,kale
currant,currants
chestnut,chestnuts
purslanes,purslane
"flax, seed",flaxseed
hemp seeds,hemp_seeds
anise/aniseed,anise
"chicory, roots",chicory
"chicory, tops",chicory
chicory roots,chicory
"dandelion, leaves",dandelion
"lupin, seed",lupin
"salsify, roots",salsify
"salsify, tops",salsify
"sesame, seed",sesame
sesame seeds,sesame
macadamias,macadamia
sugar_beets,beet
baby_food_baby_food,baby_food
(f) poultry,poultry
algae and prokaryotes organisms,algae
